route_idx,route_progress_m,x,y,z,yaw_deg,road_option,road_id,section_id,lane_id,waypoint_s,lane_width_m,is_junction,junction_id
-1,0.0,-24.33677864074707,-57.78562545776367,0.5999999642372131,0.5967350006103516,LANEFOLLOW,7,0,-2,4.000000000000018,3.5,False,
0,0.5016312462854811,-23.836997985839844,-57.742576599121094,0.0,0.5967352390289307,LANEFOLLOW,7,0,-2,4.000000000000018,3.5,False,
1,2.501630984337347,-21.837106704711914,-57.72174835205078,0.0,0.5967352390289307,LANEFOLLOW,7,0,-2,6.000000000000016,3.5,False,
2,4.501632629634415,-19.83721351623535,-57.70092010498047,0.0,0.5967352390289307,LANEFOLLOW,7,0,-2,8.000000000000014,3.5,False,
3,6.501630500171489,-17.837324142456055,-57.68008804321289,0.0,0.5967352390289307,LANEFOLLOW,7,0,-2,10.000000000000012,3.5,False,
4,8.501632145468555,-15.837430953979492,-57.65925979614258,0.0,0.5967352390289307,LANEFOLLOW,7,0,-2,12.00000000000001,3.5,False,
5,10.501631923250793,-13.837539672851562,-57.638427734375,0.0,0.5967352390289307,LANEFOLLOW,7,0,-2,14.000000000000009,3.5,False,
6,12.501631661302659,-11.837648391723633,-57.61759948730469,0.0,0.5967352390289307,LANEFOLLOW,7,0,-2,16.000000000000004,3.5,False,
7,14.501631399354524,-9.837757110595703,-57.596771240234375,0.0,0.5967352390289307,LANEFOLLOW,7,0,-2,18.0,3.5,False,
8,16.501631177136762,-7.837865829467773,-57.5759391784668,0.0,0.5967352390289307,LANEFOLLOW,7,0,-2,19.999999999999996,3.5,False,
9,18.9649577039976,-5.374672889709473,-57.55028533935547,0.0,0.59674072265625,LANEFOLLOW,17,0,2,12.731014854747045,3.5,False,
10,18.9649577039976,-5.374672889709473,-57.55028533935547,0.0,0.59674072265625,LANEFOLLOW,17,0,2,12.731014854747045,3.5,False,
11,20.95502518985861,-3.384722948074341,-57.528656005859375,0.0,0.70513916015625,LANEFOLLOW,17,0,2,10.731014854747047,3.5,False,
12,22.935797645768133,-1.4041526317596436,-57.50035858154297,0.0,0.9149627685546875,LANEFOLLOW,17,0,2,8.731014854747048,3.5,False,
13,24.93579754149007,0.5955922603607178,-57.468421936035156,0.0,0.9149627685546875,LANEFOLLOW,17,0,2,6.73101485474705,3.5,False,
14,26.93793428830542,2.5974743366241455,-57.43648910522461,0.0,360.8916015625,LANEFOLLOW,17,0,2,4.731014854747052,3.5,False,
15,28.973375127185005,4.632763862609863,-57.41167068481445,0.0,360.50482177734375,LANEFOLLOW,17,0,2,2.731014854747054,3.5,False,
16,31.753180961432243,7.412545204162598,-57.400001525878906,0.0,359.9765625,LANEFOLLOW,10,0,2,120.40156041807722,3.5,False,
17,31.753180961432243,7.412545204162598,-57.400001525878906,0.0,359.9765625,LANEFOLLOW,10,0,2,120.40156041807722,3.5,False,
18,33.75318112803711,9.412545204162598,-57.40081787109375,0.0,359.9765625,LANEFOLLOW,10,0,2,118.40156041807722,3.5,False,
19,35.75318129464198,11.412545204162598,-57.401634216308594,0.0,359.9765625,LANEFOLLOW,10,0,2,116.40156041807722,3.5,False,
20,37.753181461246854,13.412545204162598,-57.40245056152344,0.0,359.9765625,LANEFOLLOW,10,0,2,114.40156041807722,3.5,False,
21,39.753181627851724,15.412545204162598,-57.40326690673828,0.0,359.9765625,LANEFOLLOW,10,0,2,112.40156041807722,3.5,False,
22,41.75318274813083,17.412546157836914,-57.404083251953125,0.0,359.9765625,LANEFOLLOW,10,0,2,110.40156041807722,3.5,False,
23,43.753182916296396,19.412546157836914,-57.404903411865234,0.0,359.9765625,LANEFOLLOW,10,0,2,108.40156041807722,3.5,False,
24,45.753183082901266,21.412546157836914,-57.40571975708008,0.0,359.9765625,LANEFOLLOW,10,0,2,106.40156041807722,3.5,False,
25,47.75318324950614,23.412546157836914,-57.40653610229492,0.0,359.9765625,LANEFOLLOW,10,0,2,104.40156041807722,3.5,False,
26,49.75318341611101,25.412546157836914,-57.407352447509766,0.0,359.9765625,LANEFOLLOW,10,0,2,102.40156041807722,3.5,False,
27,51.75318358271588,27.412546157836914,-57.40816879272461,0.0,359.9765625,LANEFOLLOW,10,0,2,100.40156041807722,3.5,False,
28,53.75318375088144,29.412546157836914,-57.40898895263672,0.0,359.9765625,LANEFOLLOW,10,0,2,98.40156041807722,3.5,False,
29,55.75318391748631,31.412546157836914,-57.40980529785156,0.0,359.9765625,LANEFOLLOW,10,0,2,96.40156041807722,3.5,False,
30,57.753182176742705,33.41254425048828,-57.410621643066406,0.0,359.9765625,LANEFOLLOW,10,0,2,94.40156041807722,3.5,False,
31,59.753182343347575,35.41254425048828,-57.41143798828125,0.0,359.9765625,LANEFOLLOW,10,0,2,92.40156041807722,3.5,False,
32,61.753182509952445,37.41254425048828,-57.412254333496094,0.0,359.9765625,LANEFOLLOW,10,0,2,90.40156041807722,3.5,False,
33,63.75318267811801,39.41254425048828,-57.4130744934082,0.0,359.9765625,LANEFOLLOW,10,0,2,88.40156041807722,3.5,False,
34,65.75318284472289,41.41254425048828,-57.41389083862305,0.0,359.9765625,LANEFOLLOW,10,0,2,86.40156041807722,3.5,False,
35,67.75318301132776,43.41254425048828,-57.41470718383789,0.0,359.9765625,LANEFOLLOW,10,0,2,84.40156041807722,3.5,False,
36,69.75318317793264,45.41254425048828,-57.415523529052734,0.0,359.9765625,LANEFOLLOW,10,0,2,82.40156041807722,3.5,False,
37,71.75318334453752,47.41254425048828,-57.41633987426758,0.0,359.9765625,LANEFOLLOW,10,0,2,80.40156041807722,3.5,False,
38,73.75317969800614,49.412540435791016,-57.41716003417969,0.0,359.9765625,LANEFOLLOW,10,0,2,78.40156041807722,3.5,False,
39,75.75317986461101,51.412540435791016,-57.41797637939453,0.0,359.9765625,LANEFOLLOW,10,0,2,76.40156041807722,3.5,False,
40,77.75318003121589,53.412540435791016,-57.418792724609375,0.0,359.9765625,LANEFOLLOW,10,0,2,74.40156041807722,3.5,False,
41,79.75318019782077,55.412540435791016,-57.41960906982422,0.0,359.9765625,LANEFOLLOW,10,0,2,72.40156041807722,3.5,False,
42,81.75318036442565,57.412540435791016,-57.42042541503906,0.0,359.9765625,LANEFOLLOW,10,0,2,70.40156041807722,3.5,False,
43,83.75318053259122,59.412540435791016,-57.42124557495117,0.0,359.9765625,LANEFOLLOW,10,0,2,68.40156041807722,3.5,False,
44,85.7531806991961,61.412540435791016,-57.422061920166016,0.0,359.9765625,LANEFOLLOW,10,0,2,66.40156041807722,3.5,False,
45,87.75318086580097,63.412540435791016,-57.42287826538086,0.0,359.9765625,LANEFOLLOW,10,0,2,64.40156041807722,3.5,False,
46,89.73923063792157,65.39859008789062,-57.42356872558594,0.0,0.1288604736328125,LANEFOLLOW,10,0,2,62.401560418077224,3.5,False,
47,91.47263419001304,67.13133239746094,-57.375694274902344,0.0,3.036346435546875,LANEFOLLOW,10,0,2,60.401560418077224,3.5,False,
48,93.20603478656403,68.85941314697266,-57.239994049072266,0.0,5.94384765625,LANEFOLLOW,10,0,2,58.401560418077224,3.5,False,
49,94.93943395426275,70.57838439941406,-57.01681137084961,0.0,8.851348876953125,LANEFOLLOW,10,0,2,56.401560418077224,3.5,False,
50,96.6728397463223,72.28382873535156,-56.706722259521484,0.0,11.758834838867188,LANEFOLLOW,10,0,2,54.401560418077224,3.5,False,
51,98.40623209230505,73.9713363647461,-56.31053161621094,0.0,14.66632080078125,LANEFOLLOW,10,0,2,52.401560418077224,3.5,False,
52,100.1396396755344,75.63658905029297,-55.829246520996094,0.0,17.573806762695312,LANEFOLLOW,10,0,2,50.401560418077224,3.5,False,
53,101.87304275636433,77.27528381347656,-55.264122009277344,0.0,20.481307983398438,LANEFOLLOW,10,0,2,48.401560418077224,3.5,False,
54,103.60644528043791,78.8832015991211,-54.616600036621094,0.0,23.3887939453125,LANEFOLLOW,10,0,2,46.401560418077224,3.5,False,
55,105.33984174900648,80.4561996459961,-53.88835525512695,0.0,26.296279907226562,LANEFOLLOW,10,0,2,44.401560418077224,3.5,False,
56,107.0732470006304,81.99024200439453,-53.08125686645508,0.0,29.203781127929688,LANEFOLLOW,10,0,2,42.401560418077224,3.5,False,
57,108.80664495687739,83.48136138916016,-52.197383880615234,0.0,32.11126708984375,LANEFOLLOW,10,0,2,40.401560418077224,3.5,False,
58,110.54005335670267,84.92574310302734,-51.239017486572266,0.0,35.01875305175781,LANEFOLLOW,10,0,2,38.401560418077224,3.5,False,
59,112.27344462712388,86.31963348388672,-50.208621978759766,0.0,37.92625427246094,LANEFOLLOW,10,0,2,36.401560418077224,3.5,False,
60,114.00684672159583,87.65947723388672,-49.108848571777344,0.0,40.833740234375,LANEFOLLOW,10,0,2,34.401560418077224,3.5,False,
61,115.7402488943386,88.94181060791016,-47.942527770996094,0.0,43.74122619628906,LANEFOLLOW,10,0,2,32.401560418077224,3.5,False,
62,117.47365562719025,90.16333770751953,-46.71266174316406,0.0,46.648712158203125,LANEFOLLOW,10,0,2,30.401560418077228,3.5,False,
63,119.2070548418381,91.3208999633789,-45.422420501708984,0.0,49.55621337890625,LANEFOLLOW,10,0,2,28.40156041807723,3.5,False,
64,120.94045131263556,92.41152954101562,-44.075130462646484,0.0,52.463706970214844,LANEFOLLOW,10,0,2,26.401560418077235,3.5,False,
65,122.6738502127557,93.43241119384766,-42.67424774169922,0.0,55.37120056152344,LANEFOLLOW,10,0,2,24.40156041807724,3.5,False,
66,124.40725777866201,94.38093566894531,-41.223384857177734,0.0,58.2786865234375,LANEFOLLOW,10,0,2,22.401560418077242,3.5,False,
67,126.14065884441004,95.254638671875,-39.726280212402344,0.0,61.18617248535156,LANEFOLLOW,10,0,2,20.401560418077246,3.5,False,
68,127.87405807575978,96.05126953125,-38.18678283691406,0.0,64.09366607666016,LANEFOLLOW,10,0,2,18.40156041807725,3.5,False,
69,129.60745871395002,96.76879119873047,-36.60886001586914,0.0,67.00115966796875,LANEFOLLOW,10,0,2,16.401560418077253,3.5,False,
70,131.34086039270142,97.40535736083984,-34.99657440185547,0.0,69.90864562988281,LANEFOLLOW,10,0,2,14.401560418077255,3.5,False,
71,133.07426611531764,97.9593276977539,-33.35407257080078,0.0,72.8161392211914,LANEFOLLOW,10,0,2,12.401560418077256,3.5,False,
72,134.80766216033592,98.42926025390625,-31.685592651367188,0.0,75.7236328125,LANEFOLLOW,10,0,2,10.401560418077258,3.5,False,
73,136.54106706591108,98.81396484375,-29.99541664123535,0.0,78.63111877441406,LANEFOLLOW,10,0,2,8.40156041807726,3.5,False,
74,138.27446674564803,99.11243438720703,-28.287906646728516,0.0,81.53861236572266,LANEFOLLOW,10,0,2,6.401560418077262,3.5,False,
75,140.00786885548808,99.32391357421875,-26.567453384399414,0.0,84.44610595703125,LANEFOLLOW,10,0,2,4.401560418077263,3.5,False,
76,141.7412711746061,99.4478530883789,-24.83848762512207,0.0,87.35359191894531,LANEFOLLOW,10,0,2,2.4015604180772656,3.5,False,
77,143.8226135039207,99.4805679321289,-22.757402420043945,0.0,90.8448486328125,LANEFOLLOW,0,0,2,13.31025369358758,3.5,False,
78,143.8226135039207,99.4805679321289,-22.757402420043945,0.0,90.8448486328125,LANEFOLLOW,0,0,2,13.31025369358758,3.5,False,
79,145.85011228352246,99.45565032958984,-20.730056762695312,0.0,450.544677734375,LANEFOLLOW,0,0,2,11.310253693587581,3.5,False,
80,147.87953501235503,99.44202423095703,-18.700679779052734,0.0,450.2235412597656,LANEFOLLOW,0,0,2,9.310253693587583,3.5,False,
81,149.90895518043538,99.4397964477539,-16.671260833740234,0.0,449.9024658203125,LANEFOLLOW,0,0,2,7.310253693587585,3.5,False,
82,151.91161648752694,99.44584655761719,-14.668608665466309,0.0,89.87342071533203,LANEFOLLOW,0,0,2,5.310253693587587,3.5,False,
83,153.89061566989204,99.4462661743164,-12.68960952758789,0.0,90.10260009765625,LANEFOLLOW,0,0,2,3.310253693587589,3.5,False,
84,157.1748760430906,99.43012237548828,-9.405388832092285,0.0,90.3907470703125,LANEFOLLOW,3,0,2,4.908388077782866,3.5,False,
85,157.1748760430906,99.43012237548828,-9.405388832092285,0.0,90.3907470703125,LANEFOLLOW,3,0,2,4.908388077782866,3.5,False,
86,159.17487631207914,99.4164810180664,-7.405435085296631,0.0,90.3907470703125,LANEFOLLOW,3,0,2,2.908388077782868,3.5,False,
87,162.08326438617613,99.39664459228516,-4.497114658355713,0.0,-269.6092224121094,LANEFOLLOW,655,0,1,31.11973961824867,3.5,True,532
88,162.08326438617613,99.39664459228516,-4.497114658355713,0.0,-269.6092224121094,RIGHT,655,0,1,31.11973961824867,3.5,True,532
89,164.0828492876289,99.38301086425781,-2.4975762367248535,0.0,90.3907470703125,RIGHT,655,0,1,29.119739618248673,3.5,True,532
90,166.08284922879955,99.36936950683594,-0.4976228177547455,0.0,90.3907470703125,RIGHT,655,0,1,27.119739618248676,3.5,True,532
91,167.9888422303168,99.33965301513672,1.4081385135650635,0.0,93.4612045288086,RIGHT,655,0,1,25.11973961824868,3.5,True,532
92,169.72594356763992,99.10575103759766,3.129420280456543,0.0,102.01576232910156,RIGHT,655,0,1,23.119739618248683,3.5,True,532
93,171.4630446823261,98.618408203125,4.796758651733398,0.0,110.5703125,RIGHT,655,0,1,21.119739618248687,3.5,True,532
94,173.20014698450592,97.88846588134766,6.373054504394531,0.0,119.12486267089844,RIGHT,655,0,1,19.11973961824869,3.5,True,532
95,174.93724619351823,96.93217468261719,7.8232340812683105,0.0,127.67941284179688,RIGHT,655,0,1,17.119739618248694,3.5,True,532
96,176.67435121877583,95.77079772949219,9.115030288696289,0.0,136.23397827148438,RIGHT,655,0,1,15.119739618248696,3.5,True,532
97,178.43809261790676,94.412109375,10.239641189575195,0.0,-216.07614135742188,RIGHT,655,0,1,13.119739618248698,3.5,True,532
98,180.2462529019394,92.89480590820312,11.223121643066406,0.0,-209.82455444335938,RIGHT,655,0,1,11.1197396182487,3.5,True,532
99,182.05440902876316,91.27943420410156,12.035527229309082,0.0,-203.572998046875,RIGHT,655,0,1,9.119739618248701,3.5,True,532
100,183.8625775583892,89.58518981933594,12.66719913482666,0.0,-197.32144165039062,RIGHT,655,0,1,7.119739618248703,3.5,True,532
101,185.6707366599015,87.83224487304688,13.110621452331543,0.0,-191.06985473632812,RIGHT,655,0,1,5.119739618248705,3.5,True,532
102,187.47889103079243,86.04144287109375,13.360522270202637,0.0,-184.81826782226562,RIGHT,655,0,1,3.119739618248707,3.5,True,532
103,190.44560471606619,83.07522583007812,13.414804458618164,0.0,180.15919494628906,RIGHT,21,0,5,25.629999999999974,3.5,False,
104,190.44560471606619,83.07522583007812,13.414804458618164,0.0,180.15919494628906,LANEFOLLOW,21,0,5,25.629999999999974,3.5,False,
105,192.44560480426625,81.07523345947266,13.409248352050781,0.0,180.15919494628906,LANEFOLLOW,21,0,5,23.629999999999978,3.5,False,
106,194.44560489776595,79.07524108886719,13.403690338134766,0.0,180.15919494628906,LANEFOLLOW,21,0,5,21.62999999999998,3.5,False,
107,196.445604985966,77.07524871826172,13.398134231567383,0.0,180.15919494628906,LANEFOLLOW,21,0,5,19.629999999999985,3.5,False,
108,198.4456050794657,75.07525634765625,13.392576217651367,0.0,180.15919494628906,LANEFOLLOW,21,0,5,17.62999999999999,3.5,False,
109,200.44560516766578,73.07526397705078,13.387020111083984,0.0,180.15919494628906,LANEFOLLOW,21,0,5,15.62999999999999,3.5,False,
110,202.44560526116547,71.07527160644531,13.381462097167969,0.0,180.15919494628906,LANEFOLLOW,21,0,5,13.629999999999992,3.5,False,
111,204.44560534936554,69.07527923583984,13.375905990600586,0.0,180.15919494628906,LANEFOLLOW,21,0,5,11.629999999999994,3.5,False,
